y_test,y_predicted_test
0.183,0.19240249600774184
0.113323872,0.23096808604279973
0.0568,0.06574166698323636
0.413699163,0.4032931649547956
0.737393894,0.6416243338200082
0.16,0.16936540122710209
0.667216495,0.6440654793929149
0.280898876,0.27980219115684724
0.068795386,0.07536509120199175
0.097077528,0.0866084451803596
0.31835206,0.3284432329124066
0.137802607,0.1476206732985984
0.0027,0.16636998727097618
0.651547708,0.6614591874787584
0.272,0.26150383115923626
0.297951583,0.30822774091111105
